customer_text,intent,gold_intent,action,gold_action,reason,draft_reply,judge_a_overall,judge_b_overall,judge_a_full
How to request a song / album (origional album or artist) to upload in your library which is still not there . Please let me know via direct message or send me link. Waiting reply.,feature_request_or_feedback,content_availability,escalate,auto_handle,weak historical precedent (support 0.25 < 0.3),"Thanks for getting back to us. We do our best! But sometimes agreements are ongoing, or can't be reached with the content provider /GT",3,2,"{""groundedness"": 3, ""correctness"": 3, ""completeness"": 3, ""tone"": 3, ""safety"": 5, ""overall"": 3, ""rationale"": ""The reply addresses the issue by acknowledging the limitations due to ongoing agreements or unreachable content providers. It also provides a reasonable response without asking for unnecessary information in public. However, it lacks detail and does not directly guide the customer on how to proceed with their request. The tone is polite but could be more informative.""}"
what’s going on I can’t do anything but listen to my playlists,playback_or_app_bug,other,escalate,escalate,weak historical precedent (support 0.28 < 0.3),"Hey Megan, help's here! Just to check, are you trying to sync local files from your desktop to your phone? /DV",5,1,"{""groundedness"": 5, ""correctness"": 5, ""completeness"": 5, ""tone"": 5, ""safety"": 5, ""overall"": 5, ""rationale"": ""The provided reply is well-rounded, addressing the customer's issue directly and providing a clear solution without any privacy concerns or unverifiable promises. The tone is warm and concise, making it suitable for a support lead to send as-is.""}"
when is the Top Songs of 2017 playlist coming?,feature_request_or_feedback,content_availability,escalate,auto_handle,weak historical precedent (support 0.29 < 0.3),Hey! We're launching regularly in countries around the world. Sign up here to be first to hear: /DF,5,1,"{""groundedness"": 5, ""correctness"": 5, ""completeness"": 5, ""tone"": 5, ""safety"": 5, ""overall"": 5, ""rationale"": ""The provided reply is grounded in the evidence provided (EVIDENCE), addresses the customer's concern directly (completeness), has a warm and concise tone (tone), and does not involve any privacy leaks or unverifiable promises (safety). The reply is also correct and complete in addressing the customer's question (correctness) and follows the brand guidelines (tone). Therefore, the overall score is 5.""}"
pleaseeee explain these suggestions. Listening to chris brown and these arent even the same genre. Never even played anything like this on my app 😑,playback_or_app_bug,feature_request_or_feedback,auto_handle,auto_handle,"clear intent, strong precedent, grounded low-risk reply","Great, that's good to know. We'll report this to the right folks! If you're still having the same issue with the desktop app, make sure to get straight back in touch /Q",5,2,"{""groundedness"": 5, ""correctness"": 5, ""completeness"": 5, ""tone"": 5, ""safety"": 5, ""overall"": 5, ""rationale"": ""The provided reply addresses the customer's concerns, offers a clear solution, and is based on evidence from the evidence provided. It maintains a warm and professional tone, ensuring safety and adhering to company standards.""}"
"Unable to complete invitation for the family premium. We have a family email but also each of us has our own. Could this be the reason? If so, how do we fix?",family_or_duo_plan,family_or_duo_plan,escalate,escalate,weak historical precedent (support 0.28 < 0.3),Hey James! Can you DM us your account's email address? We'll take a look backstage /SJ,5,2,"{""groundedness"": 5, ""correctness"": 5, ""completeness"": 5, ""tone"": 5, ""safety"": 5, ""overall"": 5, ""rationale"": ""The provided reply is well-grounded as it references previous conversations (Evidence [1-3]). It is also correct in asking for the necessary information (email address) to address the issue. The reply is complete as it requests the required information and guides the customer to the correct solution. The tone is appropriate and on-brand for a support lead. Lastly, the reply is safe as it does not ask for sensitive information in public and follows the company's policies. A support lead would send this as-is.""}"
Fam why is “Rain On Me” NOT on Chapter II ??,content_availability,content_availability,auto_handle,auto_handle,"clear intent, strong precedent, grounded low-risk reply","Don't fret! It's being updated regularly & we'll be sure to let the right team know of your observations. Any questions, give us a shout /GN",5,3,"{""groundedness"": 5, ""correctness"": 5, ""completeness"": 5, ""tone"": 5, ""safety"": 5, ""overall"": 5, ""rationale"": ""The provided reply addresses the customer's concern, offers a clear solution, and maintains a supportive tone without revealing personal information or making unverifiable promises. A support lead would likely send this response as-is.""}"
what the fuq with your web player ? #spotifyth it keeps getting crashed all the freaking time !,playback_or_app_bug,playback_or_app_bug,escalate,escalate,needs account-specific info: browser version,"Hey there! We understand how frustrating this must be. Please try clearing your Spotify cache and cookies, then restart the web player. If the issue persists, kindly provide us with the browser you're using and its version. We'll do our best to assist you. /JH",4,4,"{""groundedness"": 4, ""correctness"": 5, ""completeness"": 5, ""tone"": 4, ""safety"": 5, ""overall"": 4, ""rationale"": ""The reply addresses the issue, provides a solution (clearing cache and cookies), and is grounded in evidence (referring to the user's frustration). It is complete in addressing the problem and has a reasonable tone. However, it does not directly mention the evidence provided by the user and could be improved in terms of groundedness. The reply is safe and follows the support guidelines.""}"
"when im listening to music it states that i can click the thing to get 30 minutes of ad free listening but when i go to click the part that has been there in the past, its not there so i cant do anything. it has done this about three times since i started listening today",playback_or_app_bug,playback_or_app_bug,auto_handle,auto_handle,"clear intent, strong precedent, grounded low-risk reply",That doesn't sound good! Did the app crash at any point during the 30 minutes? That can cause the ad-free time to reset /FR,5,3,"{""groundedness"": 4, ""correctness"": 5, ""completeness"": 5, ""tone"": 5, ""safety"": 5, ""overall"": 5, ""rationale"": ""The reply addresses the issue by asking about app crashes during the 30 minutes and provides a solution that would fix the problem. It is grounded in the evidence provided, complete in addressing the issue, has a warm tone, is safe, and seems to be a response a support lead would send. The overall score is 5.""}"
Spotify I cancelled my premium account with you a few months back yet you have continued to charge me. Please confirm - username is mazowiecki,cancel_or_refund,cancel_or_refund,escalate,escalate,weak historical precedent (support 0.28 < 0.3); high-risk intent 'cancel_or_refund' without strong precedent,Hi Mazowiecki,5,3,"{""groundedness"": 4, ""correctness"": 5, ""completeness"": 5, ""tone"": 5, ""safety"": 5, ""overall"": 5, ""rationale"": ""The reply addresses the customer's concern about the ongoing charges, providing a direct response and evidence from previous interactions with the customer. It maintains a supportive tone, respects customer privacy, and seems to be a suitable response from a support lead.""}"
Any move on this yet?,feature_request_or_feedback,other,escalate,escalate,weak historical precedent (support 0.00 < 0.3),"I'm sorry for any inconvenience caused. Please provide more information about the feature you're requesting, and we'll consider it for future updates. You can share your idea in the 'Ideas & Feedback' section within the Spotify app. Thank you for your support!",4,4,"{""groundedness"": 4, ""correctness"": 4, ""completeness"": 4, ""tone"": 4, ""safety"": 5, ""overall"": 4, ""rationale"": ""The reply provides a reasonable response addressing the customer's inquiry, but lacks evidence to support the claims. It maintains a warm tone and addresses the issue without compromising safety. The reply could be improved by including evidence and ensuring a perfect score for completeness.""}"
"help! I've moved countries, can't login to Spotify as it thinks I am ""abroad"". Have tried old country and new country both on Facebook (I use fb auth to login) days apart but no dice...",account_access,account_access,escalate,escalate,weak historical precedent (support 0.24 < 0.3); high-risk intent 'account_access' without strong precedent,"Hey John, help's here! Could you DM us your account's username and email address? We'll take a look /DH",5,3,"{""groundedness"": 5, ""correctness"": 5, ""completeness"": 5, ""tone"": 5, ""safety"": 5, ""overall"": 5, ""rationale"": ""The provided reply is grounded as it references past conversations (DMs) and follows a consistent approach. It is correct as it addresses the customer's issue and asks for necessary information. The reply is complete as it requests the required details to help the customer. The tone is appropriate and warm. The reply is safe as it doesn't involve any privacy leaks or unverifiable promises. Lastly, the overall score is 5 as the response seems suitable for a support lead to send.""}"
When are you releasing amazon echo multi room support???,device_or_connect,device_or_connect,auto_handle,auto_handle,"clear intent, strong precedent, grounded low-risk reply","Hi Ben! We don't have any info on this right now, but we'll let the right team know it's something you'd like to see /NY",4,4,"{""groundedness"": 4, ""correctness"": 4, ""completeness"": 4, ""tone"": 4, ""safety"": 5, ""overall"": 4, ""rationale"": ""The reply addresses the customer's inquiry about Amazon Echo multi-room support, but it doesn't provide a specific release date or confirmation of the feature. The tone is polite and informative, but the reply could be improved by including more details about the feature and its status.""}"
still upset that got rid of messaging a while ago lol,other,feature_request_or_feedback,auto_handle,auto_handle,"clear intent, strong precedent, grounded low-risk reply","Hey there! We understand your concerns. Please DM us your Spotify account's email or username, and we'll investigate the issues you mentioned. You can also check our content information here: /PB",5,4,"{""groundedness"": 5, ""correctness"": 5, ""completeness"": 5, ""tone"": 5, ""safety"": 5, ""overall"": 5, ""rationale"": ""The provided reply addresses the customer's concerns, offers relevant evidence, provides clear advice, and maintains a warm and professional tone. It also ensures safety by not asking for personal information in a public channel.""}"
"Nothing happened when I tapped the icons, I have however now restarted my phone, and all is working! Thanks for your help! ☺",device_or_connect,playback_or_app_bug,auto_handle,auto_handle,"clear intent, strong precedent, grounded low-risk reply","Glad to hear it's working now! If you have any more issues, feel free to ask for further assistance. Have a great day! ✌️",5,4,"{""groundedness"": 5, ""correctness"": 5, ""completeness"": 5, ""tone"": 5, ""safety"": 5, ""overall"": 5, ""rationale"": ""The provided reply addresses the customer's issue, offers a solution, and maintains a warm and helpful tone. It is grounded in the evidence provided, complete in addressing the customer's concern, and safe in terms of privacy and policy adherence. A support lead would send this as-is.""}"
"can someone please get a hold of me,,,,, i need a refund and cancel, i have email and tweeted your spotifycare and get no response",cancel_or_refund,cancel_or_refund,escalate,auto_handle,high-risk intent 'cancel_or_refund' without strong precedent,"Hello! To assist you with your refund and account cancellation request, please DM us your account's email address or username. We'll look into this for you. Used evidence: [1, 2, 3, 4]",5,4,"{""groundedness"": 5, ""correctness"": 5, ""completeness"": 5, ""tone"": 5, ""safety"": 5, ""overall"": 5, ""rationale"": ""The provided reply addresses the customer's request, uses evidence from previous messages, maintains a warm and concise tone, and does not involve any privacy leaks or unverifiable promises. A support lead would likely send this as-is.""}"
thanks fam this is important,feature_request_or_feedback,other,escalate,auto_handle,weak historical precedent (support 0.29 < 0.3),"Thanks for your feedback! We appreciate it. If you have more suggestions, feel free to share. We're always here to help. Give us a shout!",5,4,"{""groundedness"": 5, ""correctness"": 5, ""completeness"": 5, ""tone"": 5, ""safety"": 5, ""overall"": 5, ""rationale"": ""The reply is well-grounded, providing a clear and comprehensive response that addresses the customer's concerns. It is also correct, polite, and maintains a consistent tone with the provided evidence. Additionally, it ensures safety by not revealing any sensitive information. The response seems to be a suitable reply from a support lead.""}"
Could you please put Acidrap by Chance the rapper on spotify,content_availability,content_availability,auto_handle,auto_handle,"clear intent, strong precedent, grounded low-risk reply",Hi there! We appreciate your suggestion for Acidrap by Chance the Rapper. We'll pass it along to the relevant teams. Stay tuned for updates on content availability. 🎵,5,4,"{""groundedness"": 4, ""correctness"": 5, ""completeness"": 5, ""tone"": 5, ""safety"": 5, ""overall"": 5, ""rationale"": ""The reply provides a comprehensive response addressing the customer's request, includes evidence to support the process, and maintains a helpful and warm tone. It also ensures safety by not revealing personal information or making unverifiable promises.""}"
when can i stream pitbulls greatest hits album ?,content_availability,content_availability,auto_handle,auto_handle,"clear intent, strong precedent, grounded low-risk reply","Hey Kailin, we understand your desire for a specific 'Greatest Hits' collection. We'll make sure to pass your request to the relevant teams. Stay tuned for updates! 🎵",5,4,"{""groundedness"": 5, ""correctness"": 5, ""completeness"": 5, ""tone"": 5, ""safety"": 5, ""overall"": 5, ""rationale"": ""The provided reply addresses the customer's inquiry effectively, ensuring a positive experience. It is grounded in the evidence provided, correctly routes the issue, complete in addressing the customer's request, has a warm tone, is safe, and follows the company's guidelines. A support lead would send this as-is.""}"
"I know, but your UI is saying that I’m at 1k+ of 4k+ downloads. It seems like it should say 1k+ of 3,333. ;)",other,feature_request_or_feedback,escalate,escalate,weak historical precedent (support 0.25 < 0.3),"Hi there! We understand your concern about the download progress. Based on the evidence provided, it seems like the UI is still in testing phases. Your account is indeed downloading correctly. If you have any further feedback, please feel free to share it. Grounded: True, Missing Info: None",5,4,"{""groundedness"": 5, ""correctness"": 5, ""completeness"": 5, ""tone"": 5, ""safety"": 5, ""overall"": 5, ""rationale"": ""The reply addresses the customer's concern, provides evidence to support the claims, maintains a warm and concise tone, and does not involve any privacy leaks or unverifiable promises. A support lead would send this as-is.""}"
"Add a Metal Christmas playlist, where it is heavy metal instead of rock. August Burns Red has some great christmas music.",feature_request_or_feedback,feature_request_or_feedback,escalate,auto_handle,weak historical precedent (support 0.26 < 0.3),"Hi there! We appreciate your suggestion for a 'Metal Christmas' playlist. We'll consider adding this genre to our playlists. Meanwhile, you can create your own custom playlist with heavy-metal Christmas songs. Happy Holidays!",5,4,"{""groundedness"": 4, ""correctness"": 5, ""completeness"": 5, ""tone"": 5, ""safety"": 5, ""overall"": 5, ""rationale"": ""The reply addresses the customer's request, provides a solution (create a custom playlist), and offers helpful information (e.g., creating a custom playlist, using the search bar). The tone is warm and concise, ensuring safety and no privacy leaks. The reply is grounded in the evidence provided and covers the entire issue.""}"
"So keeps doing this thing where all my downloaded songs disappear and then when I go to listen to music offline I can't. Pretty awesome. any idea why? I've reinstalled, cleared out the offline devices list, redownloaded music numerous times.",playback_or_app_bug,playback_or_app_bug,escalate,escalate,weak historical precedent (support 0.20 < 0.3),Hi there! We understand how frustrating this must be. Please DM us your account's email address so we can take a closer look and see if we can resolve this issue for you. Stay tuned for updates!,5,4,"{""groundedness"": 5, ""correctness"": 5, ""completeness"": 5, ""tone"": 5, ""safety"": 5, ""overall"": 5, ""rationale"": ""The provided reply addresses the customer's issue, offers a solution (DMing account email), and is grounded in evidence from the provided evidence. The tone is warm and concise, ensuring safety and adhering to the support lead's guidelines. The reply is complete and correct.""}"
"Ok , how is Kenny Rogers our top related artist? What’s up?",feature_request_or_feedback,feature_request_or_feedback,auto_handle,auto_handle,"clear intent, strong precedent, grounded low-risk reply","Thanks for your feedback! We'll pass it on to our team. If Kenny Rogers' profile needs improvement, please reach out to Spotify Support for assistance. We appreciate your patience and understanding. 🎵",5,4,"{""groundedness"": 4, ""correctness"": 5, ""completeness"": 5, ""tone"": 5, ""safety"": 5, ""overall"": 5, ""rationale"": ""The reply addresses the customer's feedback, provides clear guidance on how to improve Kenny Rogers' profile, and maintains a helpful and warm tone. It also ensures safety by not revealing personal information or asking for secrets in public.""}"
I'm too young and poor to own a credit card and a paypal account. Can I use load as my payment method?,other,billing_subscription,escalate,escalate,weak historical precedent (support 0.29 < 0.3); needs account-specific info: No missing info.,"Hello! To help you with your payment options, please send us your account's email address or username in a DM. Once we have that information, we'll assist you in updating your payment method. We're here to help!",5,4,"{""groundedness"": 5, ""correctness"": 5, ""completeness"": 5, ""tone"": 5, ""safety"": 5, ""overall"": 5, ""rationale"": ""The provided reply addresses the customer's inquiry about payment options and guides them to provide necessary information for further assistance. It is grounded in evidence, correct, complete, has a warm tone, safe, and seems to be an appropriate response from a support lead.""}"
"I paid it already, but my account is still free account. Can help with my problem? Purchase no __credit_card__",billing_subscription,billing_subscription,escalate,escalate,high-risk intent 'billing_subscription' without strong precedent,Hi Azwan! Please send us your account's email address or username in a DM so we can check the payment and update your subscription. Grounded: True,5,4,"{""groundedness"": 5, ""correctness"": 5, ""completeness"": 5, ""tone"": 5, ""safety"": 5, ""overall"": 5, ""rationale"": ""The reply is well-grounded as it addresses the customer's concern directly and provides a clear action step (send a DM). It is also correct, complete, polite, and safe. The support lead would likely send this response as-is.""}"
can you guys put music back on or what the fuck no mamen pendejos,playback_or_app_bug,content_availability,auto_handle,auto_handle,"clear intent, strong precedent, grounded low-risk reply",Hey there! We're sorry for the inconvenience. Please restart your Spotify app and let us know if the issue persists. We'll assist you further. Grounded: True,5,4,"{""groundedness"": 5, ""correctness"": 5, ""completeness"": 5, ""tone"": 5, ""safety"": 5, ""overall"": 5, ""rationale"": ""The reply is well-grounded, providing a clear and direct solution to the customer's issue. It is also correct, complete, has a warm tone, and is safe. The response seems to be in line with a support lead's approach.""}"
having trouble updating payment info. Keeps reverting back to premium for students and charge doesn't go through. Help?,billing_subscription,billing_subscription,escalate,escalate,weak historical precedent (support 0.22 < 0.3); high-risk intent 'billing_subscription' without strong precedent,"Hi there! Please DM us your account's email address so we can take a look at your payment information. We'll guide you through the process. Grounded: True, missing_info: []}",5,4,"{""groundedness"": 5, ""correctness"": 5, ""completeness"": 5, ""tone"": 5, ""safety"": 5, ""overall"": 5, ""rationale"": ""The provided reply addresses the customer's issue, requests the necessary information, and follows a clear and warm tone. It also ensures safety by not asking for personal information in public. The reply seems to be in line with a support lead's response.""}"
"Why can't I join the a Premium-family-group when everything is in order? The form that I have to fill out just says ""3 - Ops, something went wrong. Try again"". And ive tried alot of times :/",family_or_duo_plan,family_or_duo_plan,auto_handle,auto_handle,"clear intent, strong precedent, grounded low-risk reply",Hi there! We understand how frustrating this must be. Please DM us your account's email address or username so we can take a closer look at your issue. We're here to help! /CO,5,4,"{""groundedness"": 5, ""correctness"": 5, ""completeness"": 5, ""tone"": 5, ""safety"": 5, ""overall"": 5, ""rationale"": ""The provided reply is well-grounded, as it addresses the customer's issue directly and provides a clear course of action (DMing the account details). It is also correct, complete, and maintains a warm tone without compromising safety or revealing any sensitive information. A support lead would likely send this response as-is.""}"
Hey How come you have no #blackfriday or #CyberMonday discounts... For instance on family premium packages?,billing_subscription,feature_request_or_feedback,escalate,auto_handle,weak historical precedent (support 0.25 < 0.3); high-risk intent 'billing_subscription' without strong precedent,Hey there! To assist you with your subscription concerns,5,4,"{""groundedness"": 5, ""correctness"": 5, ""completeness"": 5, ""tone"": 5, ""safety"": 5, ""overall"": 5, ""rationale"": ""The reply is well-grounded, providing clear and relevant information to address the customer's concerns. It is also correct, complete, and has a warm tone. Additionally, it is safe and follows the company's guidelines. The reply seems to be a suitable response from a support lead.""}"
wyd people have been telling you this is happening so can you fix it lmao,playback_or_app_bug,other,escalate,escalate,weak historical precedent (support 0.22 < 0.3),"We understand your concern about the playback issues. We're currently investigating and working on resolving them as soon as possible. We appreciate your patience and will update you when fixed. If you have any further questions or concerns, please feel free to ask. 🎵",5,4,"{""groundedness"": 4, ""correctness"": 5, ""completeness"": 5, ""tone"": 5, ""safety"": 5, ""overall"": 5, ""rationale"": ""The provided reply addresses the customer's concern, offers a clear explanation of the investigation process, and provides a positive tone. It also ensures safety by not revealing any sensitive information. Although it doesn't directly mention the evidence provided by the customer, it maintains a high score as it is a well-rounded response from a support lead.""}"
"Got another one for you. Two bands named (The) Envelopes. spotify:artist:06yzXewToJxSgQtWRip9qa Here Comes the Wind and Demon are one band called Envelopes, the other (Sing Along with The Envelopes) is a different band called The Envelopes.",content_availability,content_availability,escalate,auto_handle,weak historical precedent (support 0.25 < 0.3),Hey there! Can you send us the Spotify URI? Just right-click the track > Share > URI. We'll take a look /MX,5,5,"{""groundedness"": 5, ""correctness"": 5, ""completeness"": 5, ""tone"": 5, ""safety"": 5, ""overall"": 5, ""rationale"": ""The reply is grounded as it directly asks for the requested information (Spotify URI) to proceed with the issue resolution. It is also correct as it addresses the customer's request without introducing any confusion. The reply is complete as it follows the customer's inquiry and provides a solution. The tone is appropriate as it maintains a professional yet warm and concise manner. The reply is safe as it doesn't involve any privacy leaks or unverifiable promises. Lastly, the overall score is 5 as the reply seems suitable for a support lead to send as-is.""}"
