customer_text,reply,human_overall,human_acceptable
"Ok , how is Kenny Rogers our top related artist? What’s up?","Thanks for your feedback! We'll pass it on to our team. If Kenny Rogers' profile needs improvement, please reach out to Spotify Support for assistance. We appreciate your patience and understanding. 🎵",,
"Add a Metal Christmas playlist, where it is heavy metal instead of rock. August Burns Red has some great christmas music.","Hi there! We appreciate your suggestion for a 'Metal Christmas' playlist. We'll consider adding this genre to our playlists. Meanwhile, you can create your own custom playlist with heavy-metal Christmas songs. Happy Holidays!",,
when is the Top Songs of 2017 playlist coming?,Hey! We're launching regularly in countries around the world. Sign up here to be first to hear: /DF,,
what the fuq with your web player ? #spotifyth it keeps getting crashed all the freaking time !,Hey there! Could you tell us what's happening exactly? We'll see what we can suggest /DF,,
when can i stream pitbulls greatest hits album ?,"Hey Kailin, thanks for the feedback. Don't worry! You can sort and filter your playlists. Check this out: /RK",,
having trouble updating payment info. Keeps reverting back to premium for students and charge doesn't go through. Help?,"Hi there! Please DM us your account's email address so we can take a look at your payment information. We'll guide you through the process. Grounded: True, missing_info: []}",,
How to request a song / album (origional album or artist) to upload in your library which is still not there . Please let me know via direct message or send me link. Waiting reply.,"Thanks for getting back to us. We do our best! But sometimes agreements are ongoing, or can't be reached with the content provider /GT",,
can you guys put music back on or what the fuck no mamen pendejos,Hey there! We're sorry for the inconvenience. Please restart your Spotify app and let us know if the issue persists. We'll assist you further. Grounded: True,,
Any move on this yet?,"I'm sorry for any inconvenience caused. Please provide more information about the feature you're requesting, and we'll consider it for future updates. You can share your idea in the 'Ideas & Feedback' section within the Spotify app. Thank you for your support!",,
I'm too young and poor to own a credit card and a paypal account. Can I use load as my payment method?,"We're afraid we have no info to share about this. No worries, we'll make sure they're passed on to the relevant folks /RC",,
"when im listening to music it states that i can click the thing to get 30 minutes of ad free listening but when i go to click the part that has been there in the past, its not there so i cant do anything. it has done this about three times since i started listening today",That doesn't sound good! Did the app crash at any point during the 30 minutes? That can cause the ad-free time to reset /FR,,
can you guys put music back on or what the fuck no mamen pendejos,Hey there! Can you tell us what country your account is set to? We'll check things out /CH,,
"I paid it already, but my account is still free account. Can help with my problem? Purchase no __credit_card__",Hi Azwan! Please send us your account's email address or username in a DM so we can check the payment and update your subscription. Grounded: True,,
Fam why is “Rain On Me” NOT on Chapter II ??,"Don't fret! It's being updated regularly & we'll be sure to let the right team know of your observations. Any questions, give us a shout /GN",,
"Ok , how is Kenny Rogers our top related artist? What’s up?","Hi! Thanks for your feedback - we'll pass it on. For now, check out if you haven't had a subscription before /AU",,
thanks fam this is important,"Great. Give us a shout if you need us again, and we'll come running 🏃 /CO",,
"can someone please get a hold of me,,,,, i need a refund and cancel, i have email and tweeted your spotifycare and get no response","Hello! To assist you with your refund and account cancellation request, please DM us your account's email address or username. We'll look into this for you. Used evidence: [1, 2, 3, 4]",,
what the fuq with your web player ? #spotifyth it keeps getting crashed all the freaking time !,"Hey there! We understand how frustrating this must be. Please try clearing your Spotify cache and cookies, then restart the web player. If the issue persists, kindly provide us with the browser you're using and its version. We'll do our best to assist you. /JH",,
wyd people have been telling you this is happening so can you fix it lmao,"We unserstand, but we’re afraid that we don’t have any more info to share. Give us a shout if you need anything else /NY",,
"So keeps doing this thing where all my downloaded songs disappear and then when I go to listen to music offline I can't. Pretty awesome. any idea why? I've reinstalled, cleared out the offline devices list, redownloaded music numerous times.",Hi there! We understand how frustrating this must be. Please DM us your account's email address so we can take a closer look and see if we can resolve this issue for you. Stay tuned for updates!,,
"I know, but your UI is saying that I’m at 1k+ of 4k+ downloads. It seems like it should say 1k+ of 3,333. ;)",Hi there. Thanks for bringing this up. We’re always testing things in order to improve. Let us know what you think /JU,,
still upset that got rid of messaging a while ago lol,Hi there! Can you DM us your account's username or email address? We'll take a look backstage /MC,,
"So keeps doing this thing where all my downloaded songs disappear and then when I go to listen to music offline I can't. Pretty awesome. any idea why? I've reinstalled, cleared out the offline devices list, redownloaded music numerous times.","Hey, that doesn't sound cool! Can you DM us your account's email address? We'll check backstage /LW",,
still upset that got rid of messaging a while ago lol,"Hey there! We understand your concerns. Please DM us your Spotify account's email or username, and we'll investigate the issues you mentioned. You can also check our content information here: /PB",,
I'm too young and poor to own a credit card and a paypal account. Can I use load as my payment method?,"Hello! To help you with your payment options, please send us your account's email address or username in a DM. Once we have that information, we'll assist you in updating your payment method. We're here to help!",,
"Why can't I join the a Premium-family-group when everything is in order? The form that I have to fill out just says ""3 - Ops, something went wrong. Try again"". And ive tried alot of times :/","Hi Denis, help's here! Can you DM us your account's email address? We'll take a look backstage /DV",,
"Nothing happened when I tapped the icons, I have however now restarted my phone, and all is working! Thanks for your help! ☺",You're welcome! Give us a shout if the app ever misbehaves again. We'll be... /DV,,
Could you please put Acidrap by Chance the rapper on spotify,Hi there! We appreciate your suggestion for Acidrap by Chance the Rapper. We'll pass it along to the relevant teams. Stay tuned for updates on content availability. 🎵,,
wyd people have been telling you this is happening so can you fix it lmao,"We understand your concern about the playback issues. We're currently investigating and working on resolving them as soon as possible. We appreciate your patience and will update you when fixed. If you have any further questions or concerns, please feel free to ask. 🎵",,
"can someone please get a hold of me,,,,, i need a refund and cancel, i have email and tweeted your spotifycare and get no response",Hey there! Can you DM us your account's email address or username? We'll take a look /NS,,
pleaseeee explain these suggestions. Listening to chris brown and these arent even the same genre. Never even played anything like this on my app 😑,"Great, that's good to know. We'll report this to the right folks! If you're still having the same issue with the desktop app, make sure to get straight back in touch /Q",,
Any move on this yet?,Thanks for the message! One of our team will take a look and get back to you shortly.,,
having trouble updating payment info. Keeps reverting back to premium for students and charge doesn't go through. Help?,"Hi Leonela, help's here! Can you DM us your account's username or email address? We'll take a look backstage /PL",,
"Nothing happened when I tapped the icons, I have however now restarted my phone, and all is working! Thanks for your help! ☺","Glad to hear it's working now! If you have any more issues, feel free to ask for further assistance. Have a great day! ✌️",,
When are you releasing amazon echo multi room support???,"Hi Ben! We don't have any info on this right now, but we'll let the right team know it's something you'd like to see /NY",,
"I know, but your UI is saying that I’m at 1k+ of 4k+ downloads. It seems like it should say 1k+ of 3,333. ;)","Hi there! We understand your concern about the download progress. Based on the evidence provided, it seems like the UI is still in testing phases. Your account is indeed downloading correctly. If you have any further feedback, please feel free to share it. Grounded: True, Missing Info: None",,
thanks fam this is important,"Thanks for your feedback! We appreciate it. If you have more suggestions, feel free to share. We're always here to help. Give us a shout!",,
Could you please put Acidrap by Chance the rapper on spotify,"Hi there! Fingers crossed we'll be able to have it soon, but there's info about Spotify content here: /AU",,
"Why can't I join the a Premium-family-group when everything is in order? The form that I have to fill out just says ""3 - Ops, something went wrong. Try again"". And ive tried alot of times :/",Hi there! We understand how frustrating this must be. Please DM us your account's email address or username so we can take a closer look at your issue. We're here to help! /CO,,
what’s going on I can’t do anything but listen to my playlists,"Hey Megan, help's here! Just to check, are you trying to sync local files from your desktop to your phone? /DV",,
Spotify I cancelled my premium account with you a few months back yet you have continued to charge me. Please confirm - username is mazowiecki,Hey Fern! Could you send us a DM with your account's email address or username? We'll take a look backstage /FR,,
"help! I've moved countries, can't login to Spotify as it thinks I am ""abroad"". Have tried old country and new country both on Facebook (I use fb auth to login) days apart but no dice...","Hey John, help's here! Could you DM us your account's username and email address? We'll take a look /DH",,
Spotify I cancelled my premium account with you a few months back yet you have continued to charge me. Please confirm - username is mazowiecki,Hi Mazowiecki,,
"I paid it already, but my account is still free account. Can help with my problem? Purchase no __credit_card__",Hey Azwan! Could you send us a DM with your account's email address or username? We'll take a look backstage /LO,,
"Got another one for you. Two bands named (The) Envelopes. spotify:artist:06yzXewToJxSgQtWRip9qa Here Comes the Wind and Demon are one band called Envelopes, the other (Sing Along with The Envelopes) is a different band called The Envelopes.",Hey there! Can you send us the Spotify URI? Just right-click the track > Share > URI. We'll take a look /MX,,
Hey How come you have no #blackfriday or #CyberMonday discounts... For instance on family premium packages?,Hey there! To assist you with your subscription concerns,,
"Unable to complete invitation for the family premium. We have a family email but also each of us has our own. Could this be the reason? If so, how do we fix?",Hey James! Can you DM us your account's email address? We'll take a look backstage /SJ,,
"Add a Metal Christmas playlist, where it is heavy metal instead of rock. August Burns Red has some great christmas music.",Hey there! Your Queue is algorithmically updated based on your previous songs played. Hope this clears things up 🙂 /TB,,
Hey How come you have no #blackfriday or #CyberMonday discounts... For instance on family premium packages?,Hey there! Can you DM us your account's email address or username? We'll check backstage /AR,,
when can i stream pitbulls greatest hits album ?,"Hey Kailin, we understand your desire for a specific 'Greatest Hits' collection. We'll make sure to pass your request to the relevant teams. Stay tuned for updates! 🎵",,
